name,type,time,amount,month,weekday,monthday,yearday,hour,minute,min15,dayquarter
SplashandDash,Services,2016-05-13T20:27:00Z,1,5,Fri,13,134,14,27,2016-05-13T20:30:00Z,2016-05-17T00:00:00Z
SplashandDash,Services,2016-05-13T20:27:00Z,-0,5,Fri,13,134,14,27,2016-05-13T20:30:00Z,2016-05-17T00:00:00Z
SplashandDash,Services,2016-05-16T19:31:00Z,23.58,5,Mon,16,137,13,31,2016-05-16T19:45:00Z,2016-05-17T00:00:00Z
SplashandDash,Services,2016-05-16T17:09:00Z,18.87,5,Mon,16,137,11,9,2016-05-16T17:15:00Z,2016-05-17T00:00:00Z
SplashandDash,Services,2016-05-16T17:47:00Z,23.58,5,Mon,16,137,11,47,2016-05-16T18:00:00Z,2016-05-17T00:00:00Z
SplashandDash,Services,2016-05-16T17:50:00Z,23.58,5,Mon,16,137,11,50,2016-05-16T18:00:00Z,2016-05-17T00:00:00Z
SplashandDash,Services,2016-05-16T21:23:00Z,18.87,5,Mon,16,137,15,23,2016-05-16T21:30:00Z,2016-05-17T00:00:00Z
SplashandDash,Services,2016-05-16T21:31:00Z,14.15,5,Mon,16,137,15,31,2016-05-16T21:45:00Z,2016-05-17T00:00:00Z
SplashandDash,Services,2016-05-16T21:33:00Z,47.17,5,Mon,16,137,15,33,2016-05-16T21:45:00Z,2016-05-17T00:00:00Z
SplashandDash,Services,2016-05-16T21:36:00Z,47.17,5,Mon,16,137,15,36,2016-05-16T21:45:00Z,2016-05-17T00:00:00Z
SplashandDash,Services,2016-05-16T14:47:00Z,-1,5,Mon,16,137,8,47,2016-05-16T15:00:00Z,2016-05-17T00:00:00Z
SplashandDash,Services,2016-05-16T14:47:00Z,-0,5,Mon,16,137,8,47,2016-05-16T15:00:00Z,2016-05-17T00:00:00Z
SplashandDash,Services,2016-05-17T19:37:00Z,30,5,Tues,17,138,13,37,2016-05-17T19:45:00Z,2016-05-17T00:00:00Z
SplashandDash,Services,2016-05-17T19:53:00Z,80,5,Tues,17,138,13,53,2016-05-17T20:00:00Z,2016-05-17T00:00:00Z
SplashandDash,Services,2016-05-17T16:42:00Z,20,5,Tues,17,138,10,42,2016-05-17T16:45:00Z,2016-05-17T00:00:00Z
SplashandDash,Services,2016-05-17T17:38:00Z,25,5,Tues,17,138,11,38,2016-05-17T17:45:00Z,2016-05-17T00:00:00Z
SplashandDash,Services,2016-05-17T18:03:00Z,20,5,Tues,17,138,12,3,2016-05-17T18:15:00Z,2016-05-17T00:00:00Z
SplashandDash,Services,2016-05-17T18:05:00Z,20,5,Tues,17,138,12,5,2016-05-17T18:15:00Z,2016-05-17T00:00:00Z
SplashandDash,Services,2016-05-17T18:59:00Z,20,5,Tues,17,138,12,59,2016-05-17T19:00:00Z,2016-05-17T00:00:00Z
SplashandDash,Services,2016-05-17T20:14:00Z,25,5,Tues,17,138,14,14,2016-05-17T20:15:00Z,2016-05-17T00:00:00Z
SplashandDash,Services,2016-05-17T21:22:00Z,1,5,Tues,17,138,15,22,2016-05-17T21:30:00Z,2016-05-17T00:00:00Z
SplashandDash,Services,2016-05-17T21:25:00Z,25,5,Tues,17,138,15,25,2016-05-17T21:30:00Z,2016-05-17T00:00:00Z
SplashandDash,Services,2016-05-17T21:27:00Z,20,5,Tues,17,138,15,27,2016-05-17T21:30:00Z,2016-05-17T00:00:00Z
SplashandDash,Services,2016-05-17T21:40:00Z,40,5,Tues,17,138,15,40,2016-05-17T21:45:00Z,2016-05-17T00:00:00Z
SplashandDash,Services,2016-05-17T22:16:00Z,10,5,Tues,17,138,16,16,2016-05-17T22:30:00Z,2016-05-17T00:00:00Z
SplashandDash,Services,2016-05-17T22:27:00Z,10,5,Tues,17,138,16,27,2016-05-17T22:30:00Z,2016-05-17T00:00:00Z
SplashandDash,Services,2016-05-17T15:20:00Z,5,5,Tues,17,138,9,20,2016-05-17T15:30:00Z,2016-05-17T00:00:00Z
SplashandDash,Services,2016-05-18T19:16:00Z,25,5,Wed,18,139,13,16,2016-05-18T19:30:00Z,2016-05-17T00:00:00Z
SplashandDash,Services,2016-05-18T19:21:00Z,40,5,Wed,18,139,13,21,2016-05-18T19:30:00Z,2016-05-17T00:00:00Z
SplashandDash,Services,2016-05-18T19:35:00Z,25,5,Wed,18,139,13,35,2016-05-18T19:45:00Z,2016-05-17T00:00:00Z
SplashandDash,Services,2016-05-18T19:38:00Z,20,5,Wed,18,139,13,38,2016-05-18T19:45:00Z,2016-05-17T00:00:00Z
SplashandDash,Services,2016-05-18T19:56:00Z,7,5,Wed,18,139,13,56,2016-05-18T20:00:00Z,2016-05-17T00:00:00Z
SplashandDash,Services,2016-05-18T17:57:00Z,20,5,Wed,18,139,11,57,2016-05-18T18:00:00Z,2016-05-17T00:00:00Z
SplashandDash,Services,2016-05-18T18:18:00Z,12,5,Wed,18,139,12,18,2016-05-18T18:30:00Z,2016-05-17T00:00:00Z
SplashandDash,Services,2016-05-18T18:20:00Z,12,5,Wed,18,139,12,20,2016-05-18T18:30:00Z,2016-05-17T00:00:00Z
SplashandDash,Services,2016-05-18T18:24:00Z,16,5,Wed,18,139,12,24,2016-05-18T18:30:00Z,2016-05-17T00:00:00Z
SplashandDash,Services,2016-05-18T18:53:00Z,5,5,Wed,18,139,12,53,2016-05-18T19:00:00Z,2016-05-17T00:00:00Z
SplashandDash,Services,2016-05-18T18:59:00Z,30,5,Wed,18,139,12,59,2016-05-18T19:00:00Z,2016-05-17T00:00:00Z
SplashandDash,Services,2016-05-18T20:07:00Z,22,5,Wed,18,139,14,7,2016-05-18T20:15:00Z,2016-05-17T00:00:00Z
SplashandDash,Services,2016-05-18T20:07:00Z,6,5,Wed,18,139,14,7,2016-05-18T20:15:00Z,2016-05-17T00:00:00Z
SplashandDash,Services,2016-05-18T20:14:00Z,36,5,Wed,18,139,14,14,2016-05-18T20:15:00Z,2016-05-17T00:00:00Z
SplashandDash,Services,2016-05-18T20:22:00Z,50,5,Wed,18,139,14,22,2016-05-18T20:30:00Z,2016-05-17T00:00:00Z
SplashandDash,Services,2016-05-19T17:28:00Z,20,5,Thurs,19,140,11,28,2016-05-19T17:30:00Z,2016-05-17T00:00:00Z
SplashandDash,Services,2016-05-19T17:34:00Z,20,5,Thurs,19,140,11,34,2016-05-19T17:45:00Z,2016-05-17T00:00:00Z
SplashandDash,Services,2016-05-20T19:25:00Z,25,5,Fri,20,141,13,25,2016-05-20T19:30:00Z,2016-05-17T00:00:00Z
SplashandDash,Services,2016-05-20T19:29:00Z,22.5,5,Fri,20,141,13,29,2016-05-20T19:30:00Z,2016-05-17T00:00:00Z
SplashandDash,Services,2016-05-20T19:43:00Z,70,5,Fri,20,141,13,43,2016-05-20T19:45:00Z,2016-05-17T00:00:00Z
SplashandDash,Services,2016-05-20T19:50:00Z,125,5,Fri,20,141,13,50,2016-05-20T20:00:00Z,2016-05-17T00:00:00Z
SplashandDash,Services,2016-05-20T17:45:00Z,25,5,Fri,20,141,11,45,2016-05-20T17:45:00Z,2016-05-17T00:00:00Z
SplashandDash,Services,2016-05-20T17:46:00Z,20,5,Fri,20,141,11,46,2016-05-20T18:00:00Z,2016-05-17T00:00:00Z
SplashandDash,Services,2016-05-20T18:01:00Z,25,5,Fri,20,141,12,1,2016-05-20T18:15:00Z,2016-05-17T00:00:00Z
SplashandDash,Services,2016-05-20T18:29:00Z,70,5,Fri,20,141,12,29,2016-05-20T18:30:00Z,2016-05-17T00:00:00Z
SplashandDash,Services,2016-05-20T18:50:00Z,30,5,Fri,20,141,12,50,2016-05-20T19:00:00Z,2016-05-17T00:00:00Z
SplashandDash,Services,2016-05-20T20:04:00Z,25,5,Fri,20,141,14,4,2016-05-20T20:15:00Z,2016-05-17T00:00:00Z
SplashandDash,Services,2016-05-20T20:05:00Z,20,5,Fri,20,141,14,5,2016-05-20T20:15:00Z,2016-05-17T00:00:00Z
SplashandDash,Services,2016-05-20T20:21:00Z,40,5,Fri,20,141,14,21,2016-05-20T20:30:00Z,2016-05-17T00:00:00Z
SplashandDash,Services,2016-05-20T20:25:00Z,15,5,Fri,20,141,14,25,2016-05-20T20:30:00Z,2016-05-17T00:00:00Z
SplashandDash,Services,2016-05-20T20:42:00Z,10,5,Fri,20,141,14,42,2016-05-20T20:45:00Z,2016-05-17T00:00:00Z
SplashandDash,Services,2016-05-21T19:23:00Z,8,5,Sat,21,142,13,23,2016-05-21T19:30:00Z,2016-05-17T00:00:00Z
SplashandDash,Services,2016-05-21T19:25:00Z,8,5,Sat,21,142,13,25,2016-05-21T19:30:00Z,2016-05-17T00:00:00Z
SplashandDash,Services,2016-05-21T18:22:00Z,23,5,Sat,21,142,12,22,2016-05-21T18:30:00Z,2016-05-17T00:00:00Z
SplashandDash,Services,2016-05-21T21:10:00Z,15,5,Sat,21,142,15,10,2016-05-21T21:15:00Z,2016-05-17T00:00:00Z
SplashandDash,Services,2016-05-23T16:14:00Z,-8,5,Mon,23,144,10,14,2016-05-23T16:15:00Z,2016-05-17T00:00:00Z
SplashandDash,Services,2016-05-23T16:16:00Z,-1.75,5,Mon,23,144,10,16,2016-05-23T16:30:00Z,2016-05-17T00:00:00Z
SplashandDash,Services,2016-05-23T18:33:00Z,25,5,Mon,23,144,12,33,2016-05-23T18:45:00Z,2016-05-17T00:00:00Z
SplashandDash,Services,2016-05-23T21:18:00Z,20,5,Mon,23,144,15,18,2016-05-23T21:30:00Z,2016-05-17T00:00:00Z
SplashandDash,Services,2016-05-23T22:05:00Z,20,5,Mon,23,144,16,5,2016-05-23T22:15:00Z,2016-05-17T00:00:00Z
SplashandDash,Services,2016-05-23T22:08:00Z,20,5,Mon,23,144,16,8,2016-05-23T22:15:00Z,2016-05-17T00:00:00Z
SplashandDash,Services,2016-05-24T19:07:00Z,27,5,Tues,24,145,13,7,2016-05-24T19:15:00Z,2016-05-17T00:00:00Z
SplashandDash,Services,2016-05-24T19:25:00Z,18,5,Tues,24,145,13,25,2016-05-24T19:30:00Z,2016-05-17T00:00:00Z
SplashandDash,Services,2016-05-24T19:26:00Z,15,5,Tues,24,145,13,26,2016-05-24T19:30:00Z,2016-05-17T00:00:00Z
SplashandDash,Services,2016-05-24T19:43:00Z,30,5,Tues,24,145,13,43,2016-05-24T19:45:00Z,2016-05-17T00:00:00Z
SplashandDash,Services,2016-05-24T16:21:00Z,45,5,Tues,24,145,10,21,2016-05-24T16:30:00Z,2016-05-17T00:00:00Z
SplashandDash,Services,2016-05-24T17:25:00Z,55,5,Tues,24,145,11,25,2016-05-24T17:30:00Z,2016-05-17T00:00:00Z
SplashandDash,Services,2016-05-24T18:04:00Z,10,5,Tues,24,145,12,4,2016-05-24T18:15:00Z,2016-05-17T00:00:00Z
SplashandDash,Services,2016-05-24T18:25:00Z,40,5,Tues,24,145,12,25,2016-05-24T18:30:00Z,2016-05-17T00:00:00Z
SplashandDash,Services,2016-05-24T18:37:00Z,25,5,Tues,24,145,12,37,2016-05-24T18:45:00Z,2016-05-17T00:00:00Z
SplashandDash,Services,2016-05-24T20:09:00Z,-125,5,Tues,24,145,14,9,2016-05-24T20:15:00Z,2016-05-17T00:00:00Z
SplashandDash,Services,2016-05-24T20:13:00Z,18,5,Tues,24,145,14,13,2016-05-24T20:15:00Z,2016-05-17T00:00:00Z
SplashandDash,Services,2016-05-24T20:17:00Z,-29.58,5,Tues,24,145,14,17,2016-05-24T20:30:00Z,2016-05-17T00:00:00Z
SplashandDash,Services,2016-05-24T20:40:00Z,-4.81,5,Tues,24,145,14,40,2016-05-24T20:45:00Z,2016-05-17T00:00:00Z
SplashandDash,Services,2016-05-24T22:16:00Z,20,5,Tues,24,145,16,16,2016-05-24T22:30:00Z,2016-05-17T00:00:00Z
SplashandDash,Services,2016-05-24T22:54:00Z,18,5,Tues,24,145,16,54,2016-05-24T23:00:00Z,2016-05-17T00:00:00Z
SplashandDash,Services,2016-05-25T16:35:00Z,-18.17,5,Wed,25,146,10,35,2016-05-25T16:45:00Z,2016-05-17T00:00:00Z
SplashandDash,Services,2016-05-25T17:01:00Z,50,5,Wed,25,146,11,1,2016-05-25T17:15:00Z,2016-05-17T00:00:00Z
SplashandDash,Services,2016-05-25T17:55:00Z,27,5,Wed,25,146,11,55,2016-05-25T18:00:00Z,2016-05-17T00:00:00Z
SplashandDash,Services,2016-05-25T18:07:00Z,30,5,Wed,25,146,12,7,2016-05-25T18:15:00Z,2016-05-17T00:00:00Z
SplashandDash,Services,2016-05-25T20:20:00Z,10,5,Wed,25,146,14,20,2016-05-25T20:30:00Z,2016-05-17T00:00:00Z
SplashandDash,Services,2016-05-25T20:39:00Z,10,5,Wed,25,146,14,39,2016-05-25T20:45:00Z,2016-05-17T00:00:00Z
SplashandDash,Services,2016-05-25T20:59:00Z,50,5,Wed,25,146,14,59,2016-05-25T21:00:00Z,2016-05-17T00:00:00Z
SplashandDash,Services,2016-05-25T21:50:00Z,20,5,Wed,25,146,15,50,2016-05-25T22:00:00Z,2016-05-17T00:00:00Z
SplashandDash,Services,2016-05-25T21:50:00Z,20,5,Wed,25,146,15,50,2016-05-25T22:00:00Z,2016-05-17T00:00:00Z
SplashandDash,Services,2016-05-25T22:22:00Z,9,5,Wed,25,146,16,22,2016-05-25T22:30:00Z,2016-05-17T00:00:00Z
SplashandDash,Services,2016-05-25T22:25:00Z,25,5,Wed,25,146,16,25,2016-05-25T22:30:00Z,2016-05-17T00:00:00Z
SplashandDash,Services,2016-05-25T22:25:00Z,12,5,Wed,25,146,16,25,2016-05-25T22:30:00Z,2016-05-17T00:00:00Z
SplashandDash,Services,2016-05-25T22:48:00Z,1,5,Wed,25,146,16,48,2016-05-25T23:00:00Z,2016-05-17T00:00:00Z
SplashandDash,Services,2016-05-26T19:01:00Z,70,5,Thurs,26,147,13,1,2016-05-26T19:15:00Z,2016-05-17T00:00:00Z
SplashandDash,Services,2016-05-26T19:35:00Z,15,5,Thurs,26,147,13,35,2016-05-26T19:45:00Z,2016-05-17T00:00:00Z
SplashandDash,Services,2016-05-26T19:44:00Z,30,5,Thurs,26,147,13,44,2016-05-26T19:45:00Z,2016-05-17T00:00:00Z
SplashandDash,Services,2016-05-26T19:47:00Z,30,5,Thurs,26,147,13,47,2016-05-26T20:00:00Z,2016-05-17T00:00:00Z
SplashandDash,Services,2016-05-26T19:49:00Z,15,5,Thurs,26,147,13,49,2016-05-26T20:00:00Z,2016-05-17T00:00:00Z
SplashandDash,Services,2016-05-26T16:51:00Z,120,5,Thurs,26,147,10,51,2016-05-26T17:00:00Z,2016-05-17T00:00:00Z
SplashandDash,Services,2016-05-26T18:11:00Z,10,5,Thurs,26,147,12,11,2016-05-26T18:15:00Z,2016-05-17T00:00:00Z
SplashandDash,Services,2016-05-26T20:09:00Z,100,5,Thurs,26,147,14,9,2016-05-26T20:15:00Z,2016-05-17T00:00:00Z
SplashandDash,Services,2016-05-26T20:18:00Z,10,5,Thurs,26,147,14,18,2016-05-26T20:30:00Z,2016-05-17T00:00:00Z
SplashandDash,Services,2016-05-26T20:22:00Z,-9,5,Thurs,26,147,14,22,2016-05-26T20:30:00Z,2016-05-17T00:00:00Z
SplashandDash,Services,2016-05-26T20:24:00Z,-14.43,5,Thurs,26,147,14,24,2016-05-26T20:30:00Z,2016-05-17T00:00:00Z
SplashandDash,Services,2016-05-26T20:36:00Z,75,5,Thurs,26,147,14,36,2016-05-26T20:45:00Z,2016-05-17T00:00:00Z
SplashandDash,Services,2016-05-26T21:54:00Z,20,5,Thurs,26,147,15,54,2016-05-26T22:00:00Z,2016-05-17T00:00:00Z
SplashandDash,Services,2016-05-26T21:57:00Z,10,5,Thurs,26,147,15,57,2016-05-26T22:00:00Z,2016-05-17T00:00:00Z
SplashandDash,Services,2016-05-26T22:16:00Z,20,5,Thurs,26,147,16,16,2016-05-26T22:30:00Z,2016-05-17T00:00:00Z
SplashandDash,Services,2016-05-27T19:01:00Z,30,5,Fri,27,148,13,1,2016-05-27T19:15:00Z,2016-05-17T00:00:00Z
SplashandDash,Services,2016-05-27T19:22:00Z,30,5,Fri,27,148,13,22,2016-05-27T19:30:00Z,2016-05-17T00:00:00Z
SplashandDash,Services,2016-05-27T16:49:00Z,-130,5,Fri,27,148,10,49,2016-05-27T17:00:00Z,2016-05-17T00:00:00Z
SplashandDash,Services,2016-05-27T17:01:00Z,120,5,Fri,27,148,11,1,2016-05-27T17:15:00Z,2016-05-17T00:00:00Z
SplashandDash,Services,2016-05-27T17:23:00Z,20,5,Fri,27,148,11,23,2016-05-27T17:30:00Z,2016-05-17T00:00:00Z
SplashandDash,Services,2016-05-27T17:55:00Z,15,5,Fri,27,148,11,55,2016-05-27T18:00:00Z,2016-05-17T00:00:00Z
SplashandDash,Services,2016-05-27T18:07:00Z,20,5,Fri,27,148,12,7,2016-05-27T18:15:00Z,2016-05-17T00:00:00Z
SplashandDash,Services,2016-05-27T18:37:00Z,45,5,Fri,27,148,12,37,2016-05-27T18:45:00Z,2016-05-17T00:00:00Z
SplashandDash,Services,2016-05-27T20:00:00Z,20,5,Fri,27,148,14,0,2016-05-27T20:00:00Z,2016-05-17T00:00:00Z
SplashandDash,Services,2016-05-27T20:18:00Z,20,5,Fri,27,148,14,18,2016-05-27T20:30:00Z,2016-05-17T00:00:00Z
SplashandDash,Services,2016-05-30T19:39:00Z,5,5,Mon,30,151,13,39,2016-05-30T19:45:00Z,2016-05-17T00:00:00Z
SplashandDash,Services,2016-05-30T19:39:00Z,15,5,Mon,30,151,13,39,2016-05-30T19:45:00Z,2016-05-17T00:00:00Z
SplashandDash,Services,2016-05-30T17:17:00Z,50,5,Mon,30,151,11,17,2016-05-30T17:30:00Z,2016-05-17T00:00:00Z
SplashandDash,Services,2016-05-30T17:17:00Z,10,5,Mon,30,151,11,17,2016-05-30T17:30:00Z,2016-05-17T00:00:00Z
SplashandDash,Services,2016-05-30T17:53:00Z,35,5,Mon,30,151,11,53,2016-05-30T18:00:00Z,2016-05-17T00:00:00Z
SplashandDash,Services,2016-05-30T18:36:00Z,30,5,Mon,30,151,12,36,2016-05-30T18:45:00Z,2016-05-17T00:00:00Z
SplashandDash,Services,2016-05-30T18:39:00Z,20,5,Mon,30,151,12,39,2016-05-30T18:45:00Z,2016-05-17T00:00:00Z
SplashandDash,Services,2016-05-30T18:53:00Z,20,5,Mon,30,151,12,53,2016-05-30T19:00:00Z,2016-05-17T00:00:00Z
SplashandDash,Services,2016-05-30T20:17:00Z,30,5,Mon,30,151,14,17,2016-05-30T20:30:00Z,2016-05-17T00:00:00Z
SplashandDash,Services,2016-05-30T20:50:00Z,30,5,Mon,30,151,14,50,2016-05-30T21:00:00Z,2016-05-17T00:00:00Z
SplashandDash,Services,2016-05-30T20:52:00Z,30,5,Mon,30,151,14,52,2016-05-30T21:00:00Z,2016-05-17T00:00:00Z
SplashandDash,Services,2016-05-30T21:34:00Z,6,5,Mon,30,151,15,34,2016-05-30T21:45:00Z,2016-05-17T00:00:00Z
SplashandDash,Services,2016-05-31T19:14:00Z,60,5,Tues,31,152,13,14,2016-05-31T19:15:00Z,2016-05-17T00:00:00Z
SplashandDash,Services,2016-05-31T17:14:00Z,30,5,Tues,31,152,11,14,2016-05-31T17:15:00Z,2016-05-17T00:00:00Z
SplashandDash,Services,2016-05-31T18:04:00Z,15,5,Tues,31,152,12,4,2016-05-31T18:15:00Z,2016-05-17T00:00:00Z
SplashandDash,Services,2016-05-31T18:27:00Z,20,5,Tues,31,152,12,27,2016-05-31T18:30:00Z,2016-05-17T00:00:00Z
SplashandDash,Services,2016-05-31T21:11:00Z,20,5,Tues,31,152,15,11,2016-05-31T21:15:00Z,2016-05-17T00:00:00Z
SplashandDash,Services,2016-05-31T21:24:00Z,30,5,Tues,31,152,15,24,2016-05-31T21:30:00Z,2016-05-17T00:00:00Z
SplashandDash,Services,2016-05-31T22:14:00Z,50,5,Tues,31,152,16,14,2016-05-31T22:15:00Z,2016-05-17T00:00:00Z
SplashandDash,Services,2016-05-31T22:36:00Z,20,5,Tues,31,152,16,36,2016-05-31T22:45:00Z,2016-05-17T00:00:00Z
SplashandDash,Services,2016-05-31T23:00:00Z,15,5,Tues,31,152,17,0,2016-05-31T23:00:00Z,2016-05-17T00:00:00Z
SplashandDash,Services,2016-05-31T23:08:00Z,20,5,Tues,31,152,17,8,2016-05-31T23:15:00Z,2016-05-17T00:00:00Z
SplashandDash,Services,2016-05-31T23:14:00Z,20,5,Tues,31,152,17,14,2016-05-31T23:15:00Z,2016-05-17T00:00:00Z
SplashandDash,Services,2016-05-31T15:56:00Z,-18.11,5,Tues,31,152,9,56,2016-05-31T16:00:00Z,2016-05-17T00:00:00Z
SplashandDash,Services,2016-05-31T15:59:00Z,-15.91,5,Tues,31,152,9,59,2016-05-31T16:00:00Z,2016-05-17T00:00:00Z
SplashandDash,Services,2016-06-01T19:44:00Z,-16.98,6,Wed,1,153,13,44,2016-06-01T19:45:00Z,2016-05-17T00:00:00Z
SplashandDash,Services,2016-06-01T19:48:00Z,20,6,Wed,1,153,13,48,2016-06-01T20:00:00Z,2016-05-17T00:00:00Z
SplashandDash,Services,2016-06-01T17:04:00Z,50,6,Wed,1,153,11,4,2016-06-01T17:15:00Z,2016-05-17T00:00:00Z
SplashandDash,Services,2016-06-01T17:57:00Z,15,6,Wed,1,153,11,57,2016-06-01T18:00:00Z,2016-05-17T00:00:00Z
SplashandDash,Services,2016-06-01T18:18:00Z,30,6,Wed,1,153,12,18,2016-06-01T18:30:00Z,2016-05-17T00:00:00Z
SplashandDash,Services,2016-06-01T18:26:00Z,10,6,Wed,1,153,12,26,2016-06-01T18:30:00Z,2016-05-17T00:00:00Z
SplashandDash,Services,2016-06-01T20:00:00Z,30,6,Wed,1,153,14,0,2016-06-01T20:00:00Z,2016-05-17T00:00:00Z
SplashandDash,Services,2016-06-01T20:51:00Z,20,6,Wed,1,153,14,51,2016-06-01T21:00:00Z,2016-05-17T00:00:00Z
SplashandDash,Services,2016-06-01T21:26:00Z,30,6,Wed,1,153,15,26,2016-06-01T21:30:00Z,2016-05-17T00:00:00Z
SplashandDash,Services,2016-06-01T22:15:00Z,30,6,Wed,1,153,16,15,2016-06-01T22:15:00Z,2016-05-17T00:00:00Z
SplashandDash,Services,2016-06-01T22:28:00Z,20,6,Wed,1,153,16,28,2016-06-01T22:30:00Z,2016-05-17T00:00:00Z
SplashandDash,Services,2016-06-01T22:51:00Z,20,6,Wed,1,153,16,51,2016-06-01T23:00:00Z,2016-05-17T00:00:00Z
SplashandDash,Services,2016-06-01T22:54:00Z,30,6,Wed,1,153,16,54,2016-06-01T23:00:00Z,2016-05-17T00:00:00Z
SplashandDash,Services,2016-06-10T19:57:00Z,35,6,Fri,10,162,13,57,2016-06-10T20:00:00Z,2016-05-17T00:00:00Z
SplashandDash,Services,2016-06-10T17:20:00Z,30,6,Fri,10,162,11,20,2016-06-10T17:30:00Z,2016-05-17T00:00:00Z
SplashandDash,Services,2016-06-10T18:18:00Z,20,6,Fri,10,162,12,18,2016-06-10T18:30:00Z,2016-05-17T00:00:00Z
SplashandDash,Services,2016-06-10T18:38:00Z,30,6,Fri,10,162,12,38,2016-06-10T18:45:00Z,2016-05-17T00:00:00Z
SplashandDash,Services,2016-06-10T18:43:00Z,20,6,Fri,10,162,12,43,2016-06-10T18:45:00Z,2016-05-17T00:00:00Z
SplashandDash,Services,2016-06-10T18:54:00Z,15,6,Fri,10,162,12,54,2016-06-10T19:00:00Z,2016-05-17T00:00:00Z
SplashandDash,Services,2016-06-10T20:13:00Z,20,6,Fri,10,162,14,13,2016-06-10T20:15:00Z,2016-05-17T00:00:00Z
SplashandDash,Services,2016-06-10T21:17:00Z,20,6,Fri,10,162,15,17,2016-06-10T21:30:00Z,2016-05-17T00:00:00Z
SplashandDash,Services,2016-06-10T21:47:00Z,15,6,Fri,10,162,15,47,2016-06-10T22:00:00Z,2016-05-17T00:00:00Z
SplashandDash,Services,2016-06-10T22:03:00Z,20,6,Fri,10,162,16,3,2016-06-10T22:15:00Z,2016-05-17T00:00:00Z
SplashandDash,Services,2016-06-10T22:32:00Z,-13.87,6,Fri,10,162,16,32,2016-06-10T22:45:00Z,2016-05-17T00:00:00Z
SplashandDash,Services,2016-06-11T17:30:00Z,20,6,Sat,11,163,11,30,2016-06-11T17:30:00Z,2016-05-17T00:00:00Z
SplashandDash,Services,2016-06-11T18:57:00Z,15,6,Sat,11,163,12,57,2016-06-11T19:00:00Z,2016-05-17T00:00:00Z
SplashandDash,Services,2016-06-11T18:59:00Z,25,6,Sat,11,163,12,59,2016-06-11T19:00:00Z,2016-05-17T00:00:00Z
SplashandDash,Services,2016-06-13T19:05:00Z,30,6,Mon,13,165,13,5,2016-06-13T19:15:00Z,2016-05-17T00:00:00Z
SplashandDash,Services,2016-06-13T19:36:00Z,20,6,Mon,13,165,13,36,2016-06-13T19:45:00Z,2016-05-17T00:00:00Z
SplashandDash,Services,2016-06-13T19:39:00Z,30,6,Mon,13,165,13,39,2016-06-13T19:45:00Z,2016-05-17T00:00:00Z
SplashandDash,Services,2016-06-13T20:00:00Z,-1.13,6,Mon,13,165,14,0,2016-06-13T20:00:00Z,2016-05-17T00:00:00Z
SplashandDash,Services,2016-06-13T20:02:00Z,-7.92,6,Mon,13,165,14,2,2016-06-13T20:15:00Z,2016-05-17T00:00:00Z
SplashandDash,Services,2016-06-13T20:05:00Z,40,6,Mon,13,165,14,5,2016-06-13T20:15:00Z,2016-05-17T00:00:00Z
SplashandDash,Services,2016-06-13T20:05:00Z,-11.6,6,Mon,13,165,14,5,2016-06-13T20:15:00Z,2016-05-17T00:00:00Z
SplashandDash,Services,2016-06-13T21:50:00Z,10,6,Mon,13,165,15,50,2016-06-13T22:00:00Z,2016-05-17T00:00:00Z
SplashandDash,Services,2016-06-13T14:39:00Z,30,6,Mon,13,165,8,39,2016-06-13T14:45:00Z,2016-05-17T00:00:00Z
SplashandDash,Services,2016-06-13T14:40:00Z,20,6,Mon,13,165,8,40,2016-06-13T14:45:00Z,2016-05-17T00:00:00Z
SplashandDash,Services,2016-06-13T14:40:00Z,30,6,Mon,13,165,8,40,2016-06-13T14:45:00Z,2016-05-17T00:00:00Z
SplashandDash,Services,2016-06-14T19:04:00Z,18,6,Tues,14,166,13,4,2016-06-14T19:15:00Z,2016-05-17T00:00:00Z
SplashandDash,Services,2016-06-14T19:07:00Z,50,6,Tues,14,166,13,7,2016-06-14T19:15:00Z,2016-05-17T00:00:00Z
SplashandDash,Services,2016-06-14T17:18:00Z,45,6,Tues,14,166,11,18,2016-06-14T17:30:00Z,2016-05-17T00:00:00Z
SplashandDash,Services,2016-06-14T17:56:00Z,20,6,Tues,14,166,11,56,2016-06-14T18:00:00Z,2016-05-17T00:00:00Z
SplashandDash,Services,2016-06-14T20:04:00Z,10,6,Tues,14,166,14,4,2016-06-14T20:15:00Z,2016-05-17T00:00:00Z
SplashandDash,Services,2016-06-14T20:57:00Z,20,6,Tues,14,166,14,57,2016-06-14T21:00:00Z,2016-05-17T00:00:00Z
SplashandDash,Services,2016-06-14T22:09:00Z,13,6,Tues,14,166,16,9,2016-06-14T22:15:00Z,2016-05-17T00:00:00Z
SplashandDash,Services,2016-06-14T22:33:00Z,15,6,Tues,14,166,16,33,2016-06-14T22:45:00Z,2016-05-17T00:00:00Z
SplashandDash,Services,2016-06-14T22:38:00Z,5,6,Tues,14,166,16,38,2016-06-14T22:45:00Z,2016-05-17T00:00:00Z
SplashandDash,Services,2016-06-15T19:59:00Z,50,6,Wed,15,167,13,59,2016-06-15T20:00:00Z,2016-05-17T00:00:00Z
SplashandDash,Services,2016-06-15T17:14:00Z,20,6,Wed,15,167,11,14,2016-06-15T17:15:00Z,2016-05-17T00:00:00Z
SplashandDash,Services,2016-06-15T17:20:00Z,15,6,Wed,15,167,11,20,2016-06-15T17:30:00Z,2016-05-17T00:00:00Z
SplashandDash,Services,2016-06-15T18:28:00Z,30,6,Wed,15,167,12,28,2016-06-15T18:30:00Z,2016-05-17T00:00:00Z
SplashandDash,Services,2016-06-15T18:52:00Z,30,6,Wed,15,167,12,52,2016-06-15T19:00:00Z,2016-05-17T00:00:00Z
SplashandDash,Services,2016-06-15T18:57:00Z,50,6,Wed,15,167,12,57,2016-06-15T19:00:00Z,2016-05-17T00:00:00Z
SplashandDash,Services,2016-06-15T20:16:00Z,-7.36,6,Wed,15,167,14,16,2016-06-15T20:30:00Z,2016-05-17T00:00:00Z
SplashandDash,Services,2016-06-15T20:21:00Z,80,6,Wed,15,167,14,21,2016-06-15T20:30:00Z,2016-05-17T00:00:00Z
SplashandDash,Services,2016-06-15T21:05:00Z,-11.09,6,Wed,15,167,15,5,2016-06-15T21:15:00Z,2016-05-17T00:00:00Z
SplashandDash,Services,2016-06-15T21:31:00Z,25,6,Wed,15,167,15,31,2016-06-15T21:45:00Z,2016-05-17T00:00:00Z
SplashandDash,Services,2016-06-15T22:39:00Z,5,6,Wed,15,167,16,39,2016-06-15T22:45:00Z,2016-05-17T00:00:00Z
SplashandDash,Services,2016-06-16T17:26:00Z,120,6,Thurs,16,168,11,26,2016-06-16T17:30:00Z,2016-05-17T00:00:00Z
SplashandDash,Services,2016-06-16T17:41:00Z,20,6,Thurs,16,168,11,41,2016-06-16T17:45:00Z,2016-05-17T00:00:00Z
SplashandDash,Services,2016-06-16T18:13:00Z,10,6,Thurs,16,168,12,13,2016-06-16T18:15:00Z,2016-05-17T00:00:00Z
SplashandDash,Services,2016-06-16T18:20:00Z,15,6,Thurs,16,168,12,20,2016-06-16T18:30:00Z,2016-05-17T00:00:00Z
SplashandDash,Services,2016-06-16T20:36:00Z,350,6,Thurs,16,168,14,36,2016-06-16T20:45:00Z,2016-05-17T00:00:00Z
SplashandDash,Services,2016-06-16T20:59:00Z,50,6,Thurs,16,168,14,59,2016-06-16T21:00:00Z,2016-05-17T00:00:00Z
SplashandDash,Services,2016-06-16T21:52:00Z,40,6,Thurs,16,168,15,52,2016-06-16T22:00:00Z,2016-05-17T00:00:00Z
SplashandDash,Services,2016-06-16T22:49:00Z,10,6,Thurs,16,168,16,49,2016-06-16T23:00:00Z,2016-05-17T00:00:00Z
SplashandDash,Services,2016-06-17T19:09:00Z,19,6,Fri,17,169,13,9,2016-06-17T19:15:00Z,2016-05-17T00:00:00Z
SplashandDash,Services,2016-06-17T17:00:00Z,60,6,Fri,17,169,11,0,2016-06-17T17:00:00Z,2016-05-17T00:00:00Z
SplashandDash,Services,2016-06-17T18:04:00Z,30,6,Fri,17,169,12,4,2016-06-17T18:15:00Z,2016-05-17T00:00:00Z
SplashandDash,Services,2016-06-17T18:08:00Z,20,6,Fri,17,169,12,8,2016-06-17T18:15:00Z,2016-05-17T00:00:00Z
SplashandDash,Services,2016-06-17T18:12:00Z,15,6,Fri,17,169,12,12,2016-06-17T18:15:00Z,2016-05-17T00:00:00Z
SplashandDash,Services,2016-06-17T18:14:00Z,15,6,Fri,17,169,12,14,2016-06-17T18:15:00Z,2016-05-17T00:00:00Z
SplashandDash,Services,2016-06-17T18:52:00Z,10,6,Fri,17,169,12,52,2016-06-17T19:00:00Z,2016-05-17T00:00:00Z
SplashandDash,Services,2016-06-17T20:44:00Z,20,6,Fri,17,169,14,44,2016-06-17T20:45:00Z,2016-05-17T00:00:00Z
SplashandDash,Services,2016-06-17T20:47:00Z,20,6,Fri,17,169,14,47,2016-06-17T21:00:00Z,2016-05-17T00:00:00Z
SplashandDash,Services,2016-06-17T20:49:00Z,30,6,Fri,17,169,14,49,2016-06-17T21:00:00Z,2016-05-17T00:00:00Z
SplashandDash,Services,2016-06-17T22:03:00Z,20,6,Fri,17,169,16,3,2016-06-17T22:15:00Z,2016-05-17T00:00:00Z
SplashandDash,Services,2016-06-17T22:38:00Z,-1.7,6,Fri,17,169,16,38,2016-06-17T22:45:00Z,2016-05-17T00:00:00Z
SplashandDash,Services,2016-06-17T14:40:00Z,-15.57,6,Fri,17,169,8,40,2016-06-17T14:45:00Z,2016-05-17T00:00:00Z
SplashandDash,Services,2016-06-18T19:06:00Z,15,6,Sat,18,170,13,6,2016-06-18T19:15:00Z,2016-05-17T00:00:00Z
SplashandDash,Services,2016-06-18T17:32:00Z,15,6,Sat,18,170,11,32,2016-06-18T17:45:00Z,2016-05-17T00:00:00Z
SplashandDash,Services,2016-06-18T17:40:00Z,35,6,Sat,18,170,11,40,2016-06-18T17:45:00Z,2016-05-17T00:00:00Z
SplashandDash,Services,2016-06-18T18:09:00Z,30,6,Sat,18,170,12,9,2016-06-18T18:15:00Z,2016-05-17T00:00:00Z
SplashandDash,Services,2016-06-02T19:38:00Z,45,6,Thurs,2,154,13,38,2016-06-02T19:45:00Z,2016-05-17T00:00:00Z
SplashandDash,Services,2016-06-02T19:55:00Z,20,6,Thurs,2,154,13,55,2016-06-02T20:00:00Z,2016-05-17T00:00:00Z
SplashandDash,Services,2016-06-02T17:05:00Z,-17.26,6,Thurs,2,154,11,5,2016-06-02T17:15:00Z,2016-05-17T00:00:00Z
SplashandDash,Services,2016-06-02T17:16:00Z,38,6,Thurs,2,154,11,16,2016-06-02T17:30:00Z,2016-05-17T00:00:00Z
SplashandDash,Services,2016-06-02T17:40:00Z,50,6,Thurs,2,154,11,40,2016-06-02T17:45:00Z,2016-05-17T00:00:00Z
SplashandDash,Services,2016-06-02T17:51:00Z,40,6,Thurs,2,154,11,51,2016-06-02T18:00:00Z,2016-05-17T00:00:00Z
SplashandDash,Services,2016-06-02T20:38:00Z,10,6,Thurs,2,154,14,38,2016-06-02T20:45:00Z,2016-05-17T00:00:00Z
SplashandDash,Services,2016-06-02T20:40:00Z,20,6,Thurs,2,154,14,40,2016-06-02T20:45:00Z,2016-05-17T00:00:00Z
SplashandDash,Services,2016-06-02T21:24:00Z,30,6,Thurs,2,154,15,24,2016-06-02T21:30:00Z,2016-05-17T00:00:00Z
SplashandDash,Services,2016-06-02T22:32:00Z,30,6,Thurs,2,154,16,32,2016-06-02T22:45:00Z,2016-05-17T00:00:00Z
SplashandDash,Services,2016-06-20T19:09:00Z,30,6,Mon,20,172,13,9,2016-06-20T19:15:00Z,2016-05-17T00:00:00Z
SplashandDash,Services,2016-06-20T19:13:00Z,10,6,Mon,20,172,13,13,2016-06-20T19:15:00Z,2016-05-17T00:00:00Z
SplashandDash,Services,2016-06-20T17:59:00Z,20,6,Mon,20,172,11,59,2016-06-20T18:00:00Z,2016-05-17T00:00:00Z
SplashandDash,Services,2016-06-20T18:47:00Z,20,6,Mon,20,172,12,47,2016-06-20T19:00:00Z,2016-05-17T00:00:00Z
SplashandDash,Services,2016-06-20T20:16:00Z,20,6,Mon,20,172,14,16,2016-06-20T20:30:00Z,2016-05-17T00:00:00Z
SplashandDash,Services,2016-06-20T20:44:00Z,24,6,Mon,20,172,14,44,2016-06-20T20:45:00Z,2016-05-17T00:00:00Z
SplashandDash,Services,2016-06-20T21:17:00Z,10,6,Mon,20,172,15,17,2016-06-20T21:30:00Z,2016-05-17T00:00:00Z
SplashandDash,Services,2016-06-20T21:46:00Z,15,6,Mon,20,172,15,46,2016-06-20T22:00:00Z,2016-05-17T00:00:00Z
SplashandDash,Services,2016-06-20T22:32:00Z,20,6,Mon,20,172,16,32,2016-06-20T22:45:00Z,2016-05-17T00:00:00Z
SplashandDash,Services,2016-06-20T22:56:00Z,-14.66,6,Mon,20,172,16,56,2016-06-20T23:00:00Z,2016-05-17T00:00:00Z
SplashandDash,Services,2016-06-20T22:58:00Z,-5.38,6,Mon,20,172,16,58,2016-06-20T23:00:00Z,2016-05-17T00:00:00Z
SplashandDash,Services,2016-06-21T19:16:00Z,17,6,Tues,21,173,13,16,2016-06-21T19:30:00Z,2016-05-17T00:00:00Z
SplashandDash,Services,2016-06-21T16:54:00Z,15,6,Tues,21,173,10,54,2016-06-21T17:00:00Z,2016-05-17T00:00:00Z
SplashandDash,Services,2016-06-21T16:54:00Z,5,6,Tues,21,173,10,54,2016-06-21T17:00:00Z,2016-05-17T00:00:00Z
SplashandDash,Services,2016-06-21T16:58:00Z,20,6,Tues,21,173,10,58,2016-06-21T17:00:00Z,2016-05-17T00:00:00Z
SplashandDash,Services,2016-06-21T17:14:00Z,30,6,Tues,21,173,11,14,2016-06-21T17:15:00Z,2016-05-17T00:00:00Z
SplashandDash,Services,2016-06-21T17:26:00Z,25,6,Tues,21,173,11,26,2016-06-21T17:30:00Z,2016-05-17T00:00:00Z
SplashandDash,Services,2016-06-21T17:40:00Z,50,6,Tues,21,173,11,40,2016-06-21T17:45:00Z,2016-05-17T00:00:00Z
SplashandDash,Services,2016-06-21T17:56:00Z,25,6,Tues,21,173,11,56,2016-06-21T18:00:00Z,2016-05-17T00:00:00Z
SplashandDash,Services,2016-06-21T21:05:00Z,-9.57,6,Tues,21,173,15,5,2016-06-21T21:15:00Z,2016-05-17T00:00:00Z
SplashandDash,Services,2016-06-21T22:10:00Z,47,6,Tues,21,173,16,10,2016-06-21T22:15:00Z,2016-05-17T00:00:00Z
SplashandDash,Services,2016-06-21T22:13:00Z,40,6,Tues,21,173,16,13,2016-06-21T22:15:00Z,2016-05-17T00:00:00Z
SplashandDash,Services,2016-06-21T22:37:00Z,-47,6,Tues,21,173,16,37,2016-06-21T22:45:00Z,2016-05-17T00:00:00Z
SplashandDash,Services,2016-06-22T19:11:00Z,20,6,Wed,22,174,13,11,2016-06-22T19:15:00Z,2016-05-17T00:00:00Z
SplashandDash,Services,2016-06-22T18:11:00Z,21,6,Wed,22,174,12,11,2016-06-22T18:15:00Z,2016-05-17T00:00:00Z
SplashandDash,Services,2016-06-22T18:50:00Z,35,6,Wed,22,174,12,50,2016-06-22T19:00:00Z,2016-05-17T00:00:00Z
SplashandDash,Services,2016-06-22T18:58:00Z,70,6,Wed,22,174,12,58,2016-06-22T19:00:00Z,2016-05-17T00:00:00Z
SplashandDash,Services,2016-06-22T21:29:00Z,100,6,Wed,22,174,15,29,2016-06-22T21:30:00Z,2016-05-17T00:00:00Z
SplashandDash,Services,2016-06-22T21:52:00Z,-11.89,6,Wed,22,174,15,52,2016-06-22T22:00:00Z,2016-05-17T00:00:00Z
SplashandDash,Services,2016-06-22T21:53:00Z,20,6,Wed,22,174,15,53,2016-06-22T22:00:00Z,2016-05-17T00:00:00Z
SplashandDash,Services,2016-06-22T21:59:00Z,-0.96,6,Wed,22,174,15,59,2016-06-22T22:00:00Z,2016-05-17T00:00:00Z
SplashandDash,Services,2016-06-22T23:15:00Z,60,6,Wed,22,174,17,15,2016-06-22T23:15:00Z,2016-05-17T00:00:00Z
SplashandDash,Services,2016-06-23T19:01:00Z,28,6,Thurs,23,175,13,1,2016-06-23T19:15:00Z,2016-05-17T00:00:00Z
SplashandDash,Services,2016-06-23T19:50:00Z,70,6,Thurs,23,175,13,50,2016-06-23T20:00:00Z,2016-05-17T00:00:00Z
SplashandDash,Services,2016-06-23T17:36:00Z,45,6,Thurs,23,175,11,36,2016-06-23T17:45:00Z,2016-05-17T00:00:00Z
SplashandDash,Services,2016-06-23T17:38:00Z,20,6,Thurs,23,175,11,38,2016-06-23T17:45:00Z,2016-05-17T00:00:00Z
SplashandDash,Services,2016-06-23T18:02:00Z,37,6,Thurs,23,175,12,2,2016-06-23T18:15:00Z,2016-05-17T00:00:00Z
SplashandDash,Services,2016-06-23T18:19:00Z,20,6,Thurs,23,175,12,19,2016-06-23T18:30:00Z,2016-05-17T00:00:00Z
SplashandDash,Services,2016-06-23T18:22:00Z,50,6,Thurs,23,175,12,22,2016-06-23T18:30:00Z,2016-05-17T00:00:00Z
SplashandDash,Services,2016-06-23T18:28:00Z,15,6,Thurs,23,175,12,28,2016-06-23T18:30:00Z,2016-05-17T00:00:00Z
SplashandDash,Services,2016-06-23T18:30:00Z,50,6,Thurs,23,175,12,30,2016-06-23T18:30:00Z,2016-05-17T00:00:00Z
SplashandDash,Services,2016-06-23T18:35:00Z,15,6,Thurs,23,175,12,35,2016-06-23T18:45:00Z,2016-05-17T00:00:00Z
SplashandDash,Services,2016-06-23T21:41:00Z,50,6,Thurs,23,175,15,41,2016-06-23T21:45:00Z,2016-05-17T00:00:00Z
SplashandDash,Services,2016-06-23T22:04:00Z,-18.45,6,Thurs,23,175,16,4,2016-06-23T22:15:00Z,2016-05-17T00:00:00Z
SplashandDash,Services,2016-06-23T22:35:00Z,50,6,Thurs,23,175,16,35,2016-06-23T22:45:00Z,2016-05-17T00:00:00Z
SplashandDash,Services,2016-06-24T19:36:00Z,25,6,Fri,24,176,13,36,2016-06-24T19:45:00Z,2016-05-17T00:00:00Z
SplashandDash,Services,2016-06-24T17:39:00Z,15,6,Fri,24,176,11,39,2016-06-24T17:45:00Z,2016-05-17T00:00:00Z
SplashandDash,Services,2016-06-24T17:40:00Z,20,6,Fri,24,176,11,40,2016-06-24T17:45:00Z,2016-05-17T00:00:00Z
SplashandDash,Services,2016-06-24T18:02:00Z,30,6,Fri,24,176,12,2,2016-06-24T18:15:00Z,2016-05-17T00:00:00Z
SplashandDash,Services,2016-06-24T18:23:00Z,70,6,Fri,24,176,12,23,2016-06-24T18:30:00Z,2016-05-17T00:00:00Z
SplashandDash,Services,2016-06-24T20:32:00Z,20,6,Fri,24,176,14,32,2016-06-24T20:45:00Z,2016-05-17T00:00:00Z
SplashandDash,Services,2016-06-24T20:38:00Z,20,6,Fri,24,176,14,38,2016-06-24T20:45:00Z,2016-05-17T00:00:00Z
SplashandDash,Services,2016-06-24T20:44:00Z,30,6,Fri,24,176,14,44,2016-06-24T20:45:00Z,2016-05-17T00:00:00Z
SplashandDash,Services,2016-06-24T21:46:00Z,15,6,Fri,24,176,15,46,2016-06-24T22:00:00Z,2016-05-17T00:00:00Z
SplashandDash,Services,2016-06-27T17:37:00Z,30,6,Mon,27,179,11,37,2016-06-27T17:45:00Z,2016-05-17T00:00:00Z
SplashandDash,Services,2016-06-27T18:42:00Z,30,6,Mon,27,179,12,42,2016-06-27T18:45:00Z,2016-05-17T00:00:00Z
SplashandDash,Services,2016-06-27T18:46:00Z,20,6,Mon,27,179,12,46,2016-06-27T19:00:00Z,2016-05-17T00:00:00Z
SplashandDash,Services,2016-06-27T18:59:00Z,10,6,Mon,27,179,12,59,2016-06-27T19:00:00Z,2016-05-17T00:00:00Z
SplashandDash,Services,2016-06-27T20:04:00Z,30,6,Mon,27,179,14,4,2016-06-27T20:15:00Z,2016-05-17T00:00:00Z
SplashandDash,Services,2016-06-27T20:10:00Z,20,6,Mon,27,179,14,10,2016-06-27T20:15:00Z,2016-05-17T00:00:00Z
SplashandDash,Services,2016-06-27T21:24:00Z,-18,6,Mon,27,179,15,24,2016-06-27T21:30:00Z,2016-05-17T00:00:00Z
SplashandDash,Services,2016-06-27T21:25:00Z,-13.87,6,Mon,27,179,15,25,2016-06-27T21:30:00Z,2016-05-17T00:00:00Z
SplashandDash,Services,2016-06-27T22:19:00Z,30,6,Mon,27,179,16,19,2016-06-27T22:30:00Z,2016-05-17T00:00:00Z
SplashandDash,Services,2016-06-27T22:23:00Z,20,6,Mon,27,179,16,23,2016-06-27T22:30:00Z,2016-05-17T00:00:00Z
SplashandDash,Services,2016-06-27T14:45:00Z,-6.06,6,Mon,27,179,8,45,2016-06-27T14:45:00Z,2016-05-17T00:00:00Z
SplashandDash,Services,2016-06-27T14:51:00Z,-19.42,6,Mon,27,179,8,51,2016-06-27T15:00:00Z,2016-05-17T00:00:00Z
SplashandDash,Services,2016-06-28T19:00:00Z,8,6,Tues,28,180,13,0,2016-06-28T19:00:00Z,2016-05-17T00:00:00Z
SplashandDash,Services,2016-06-28T19:07:00Z,18,6,Tues,28,180,13,7,2016-06-28T19:15:00Z,2016-05-17T00:00:00Z
SplashandDash,Services,2016-06-28T19:14:00Z,20,6,Tues,28,180,13,14,2016-06-28T19:15:00Z,2016-05-17T00:00:00Z
SplashandDash,Services,2016-06-28T19:15:00Z,12,6,Tues,28,180,13,15,2016-06-28T19:15:00Z,2016-05-17T00:00:00Z
SplashandDash,Services,2016-06-28T19:31:00Z,16,6,Tues,28,180,13,31,2016-06-28T19:45:00Z,2016-05-17T00:00:00Z
SplashandDash,Services,2016-06-28T19:49:00Z,18,6,Tues,28,180,13,49,2016-06-28T20:00:00Z,2016-05-17T00:00:00Z
SplashandDash,Services,2016-06-28T17:28:00Z,70,6,Tues,28,180,11,28,2016-06-28T17:30:00Z,2016-05-17T00:00:00Z
SplashandDash,Services,2016-06-28T17:59:00Z,20,6,Tues,28,180,11,59,2016-06-28T18:00:00Z,2016-05-17T00:00:00Z
SplashandDash,Services,2016-06-28T20:47:00Z,30,6,Tues,28,180,14,47,2016-06-28T21:00:00Z,2016-05-17T00:00:00Z
SplashandDash,Services,2016-06-28T21:10:00Z,15,6,Tues,28,180,15,10,2016-06-28T21:15:00Z,2016-05-17T00:00:00Z
SplashandDash,Services,2016-06-28T22:39:00Z,20,6,Tues,28,180,16,39,2016-06-28T22:45:00Z,2016-05-17T00:00:00Z
SplashandDash,Services,2016-06-29T19:18:00Z,50,6,Wed,29,181,13,18,2016-06-29T19:30:00Z,2016-05-17T00:00:00Z
SplashandDash,Services,2016-06-29T19:21:00Z,20,6,Wed,29,181,13,21,2016-06-29T19:30:00Z,2016-05-17T00:00:00Z
SplashandDash,Services,2016-06-29T17:09:00Z,50,6,Wed,29,181,11,9,2016-06-29T17:15:00Z,2016-05-17T00:00:00Z
SplashandDash,Services,2016-06-29T17:16:00Z,20,6,Wed,29,181,11,16,2016-06-29T17:30:00Z,2016-05-17T00:00:00Z
SplashandDash,Services,2016-06-29T17:54:00Z,27,6,Wed,29,181,11,54,2016-06-29T18:00:00Z,2016-05-17T00:00:00Z
SplashandDash,Services,2016-06-29T17:58:00Z,20,6,Wed,29,181,11,58,2016-06-29T18:00:00Z,2016-05-17T00:00:00Z
SplashandDash,Services,2016-06-29T18:49:00Z,15,6,Wed,29,181,12,49,2016-06-29T19:00:00Z,2016-05-17T00:00:00Z
SplashandDash,Services,2016-06-29T20:12:00Z,15,6,Wed,29,181,14,12,2016-06-29T20:15:00Z,2016-05-17T00:00:00Z
SplashandDash,Services,2016-06-29T20:42:00Z,50,6,Wed,29,181,14,42,2016-06-29T20:45:00Z,2016-05-17T00:00:00Z
SplashandDash,Services,2016-06-29T22:41:00Z,10,6,Wed,29,181,16,41,2016-06-29T22:45:00Z,2016-05-17T00:00:00Z
SplashandDash,Services,2016-06-29T15:45:00Z,-10.75,6,Wed,29,181,9,45,2016-06-29T15:45:00Z,2016-05-17T00:00:00Z
SplashandDash,Services,2016-06-03T19:05:00Z,-16.02,6,Fri,3,155,13,5,2016-06-03T19:15:00Z,2016-05-17T00:00:00Z
SplashandDash,Services,2016-06-03T18:03:00Z,30,6,Fri,3,155,12,3,2016-06-03T18:15:00Z,2016-05-17T00:00:00Z
SplashandDash,Services,2016-06-03T18:35:00Z,30,6,Fri,3,155,12,35,2016-06-03T18:45:00Z,2016-05-17T00:00:00Z
SplashandDash,Services,2016-06-03T20:05:00Z,30,6,Fri,3,155,14,5,2016-06-03T20:15:00Z,2016-05-17T00:00:00Z
SplashandDash,Services,2016-06-03T20:28:00Z,30,6,Fri,3,155,14,28,2016-06-03T20:30:00Z,2016-05-17T00:00:00Z
SplashandDash,Services,2016-06-03T20:28:00Z,15,6,Fri,3,155,14,28,2016-06-03T20:30:00Z,2016-05-17T00:00:00Z
SplashandDash,Services,2016-06-03T20:52:00Z,43,6,Fri,3,155,14,52,2016-06-03T21:00:00Z,2016-05-17T00:00:00Z
SplashandDash,Services,2016-06-03T20:54:00Z,18,6,Fri,3,155,14,54,2016-06-03T21:00:00Z,2016-05-17T00:00:00Z
SplashandDash,Services,2016-06-03T21:51:00Z,20,6,Fri,3,155,15,51,2016-06-03T22:00:00Z,2016-05-17T00:00:00Z
SplashandDash,Services,2016-06-30T19:07:00Z,20,6,Thurs,30,182,13,7,2016-06-30T19:15:00Z,2016-05-17T00:00:00Z
SplashandDash,Services,2016-06-30T19:17:00Z,24,6,Thurs,30,182,13,17,2016-06-30T19:30:00Z,2016-05-17T00:00:00Z
SplashandDash,Services,2016-06-30T19:21:00Z,27,6,Thurs,30,182,13,21,2016-06-30T19:30:00Z,2016-05-17T00:00:00Z
SplashandDash,Services,2016-06-30T19:33:00Z,12,6,Thurs,30,182,13,33,2016-06-30T19:45:00Z,2016-05-17T00:00:00Z
SplashandDash,Services,2016-06-30T19:42:00Z,90,6,Thurs,30,182,13,42,2016-06-30T19:45:00Z,2016-05-17T00:00:00Z
SplashandDash,Services,2016-06-30T19:51:00Z,30,6,Thurs,30,182,13,51,2016-06-30T20:00:00Z,2016-05-17T00:00:00Z
SplashandDash,Services,2016-06-30T17:21:00Z,45,6,Thurs,30,182,11,21,2016-06-30T17:30:00Z,2016-05-17T00:00:00Z
SplashandDash,Services,2016-06-30T17:32:00Z,18,6,Thurs,30,182,11,32,2016-06-30T17:45:00Z,2016-05-17T00:00:00Z
SplashandDash,Services,2016-06-30T18:16:00Z,18,6,Thurs,30,182,12,16,2016-06-30T18:30:00Z,2016-05-17T00:00:00Z
SplashandDash,Services,2016-06-30T18:29:00Z,35,6,Thurs,30,182,12,29,2016-06-30T18:30:00Z,2016-05-17T00:00:00Z
SplashandDash,Services,2016-06-30T18:57:00Z,50,6,Thurs,30,182,12,57,2016-06-30T19:00:00Z,2016-05-17T00:00:00Z
SplashandDash,Services,2016-06-30T20:01:00Z,15,6,Thurs,30,182,14,1,2016-06-30T20:15:00Z,2016-05-17T00:00:00Z
SplashandDash,Services,2016-06-30T20:07:00Z,50,6,Thurs,30,182,14,7,2016-06-30T20:15:00Z,2016-05-17T00:00:00Z
SplashandDash,Services,2016-06-30T20:25:00Z,24,6,Thurs,30,182,14,25,2016-06-30T20:30:00Z,2016-05-17T00:00:00Z
SplashandDash,Services,2016-06-30T21:33:00Z,30,6,Thurs,30,182,15,33,2016-06-30T21:45:00Z,2016-05-17T00:00:00Z
SplashandDash,Services,2016-06-30T22:18:00Z,25,6,Thurs,30,182,16,18,2016-06-30T22:30:00Z,2016-05-17T00:00:00Z
SplashandDash,Services,2016-06-30T22:26:00Z,15,6,Thurs,30,182,16,26,2016-06-30T22:30:00Z,2016-05-17T00:00:00Z
SplashandDash,Services,2016-06-04T19:39:00Z,20,6,Sat,4,156,13,39,2016-06-04T19:45:00Z,2016-05-17T00:00:00Z
SplashandDash,Services,2016-06-04T19:56:00Z,10,6,Sat,4,156,13,56,2016-06-04T20:00:00Z,2016-05-17T00:00:00Z
SplashandDash,Services,2016-06-04T17:08:00Z,20,6,Sat,4,156,11,8,2016-06-04T17:15:00Z,2016-05-17T00:00:00Z
SplashandDash,Services,2016-06-04T17:39:00Z,10,6,Sat,4,156,11,39,2016-06-04T17:45:00Z,2016-05-17T00:00:00Z
SplashandDash,Services,2016-06-04T17:43:00Z,20,6,Sat,4,156,11,43,2016-06-04T17:45:00Z,2016-05-17T00:00:00Z
SplashandDash,Services,2016-06-04T18:22:00Z,30,6,Sat,4,156,12,22,2016-06-04T18:30:00Z,2016-05-17T00:00:00Z
SplashandDash,Services,2016-06-04T18:27:00Z,50,6,Sat,4,156,12,27,2016-06-04T18:30:00Z,2016-05-17T00:00:00Z
SplashandDash,Services,2016-06-06T19:17:00Z,20,6,Mon,6,158,13,17,2016-06-06T19:30:00Z,2016-05-17T00:00:00Z
SplashandDash,Services,2016-06-06T19:55:00Z,20,6,Mon,6,158,13,55,2016-06-06T20:00:00Z,2016-05-17T00:00:00Z
SplashandDash,Services,2016-06-06T17:20:00Z,30,6,Mon,6,158,11,20,2016-06-06T17:30:00Z,2016-05-17T00:00:00Z
SplashandDash,Services,2016-06-06T18:08:00Z,10,6,Mon,6,158,12,8,2016-06-06T18:15:00Z,2016-05-17T00:00:00Z
SplashandDash,Services,2016-06-06T18:25:00Z,95,6,Mon,6,158,12,25,2016-06-06T18:30:00Z,2016-05-17T00:00:00Z
SplashandDash,Services,2016-06-06T18:36:00Z,25,6,Mon,6,158,12,36,2016-06-06T18:45:00Z,2016-05-17T00:00:00Z
SplashandDash,Services,2016-06-06T18:57:00Z,20,6,Mon,6,158,12,57,2016-06-06T19:00:00Z,2016-05-17T00:00:00Z
SplashandDash,Services,2016-06-06T20:07:00Z,50,6,Mon,6,158,14,7,2016-06-06T20:15:00Z,2016-05-17T00:00:00Z
SplashandDash,Services,2016-06-06T20:20:00Z,10,6,Mon,6,158,14,20,2016-06-06T20:30:00Z,2016-05-17T00:00:00Z
SplashandDash,Services,2016-06-06T20:31:00Z,20,6,Mon,6,158,14,31,2016-06-06T20:45:00Z,2016-05-17T00:00:00Z
SplashandDash,Services,2016-06-06T20:53:00Z,-12.23,6,Mon,6,158,14,53,2016-06-06T21:00:00Z,2016-05-17T00:00:00Z
SplashandDash,Services,2016-06-06T21:01:00Z,50,6,Mon,6,158,15,1,2016-06-06T21:15:00Z,2016-05-17T00:00:00Z
SplashandDash,Services,2016-06-06T22:59:00Z,25,6,Mon,6,158,16,59,2016-06-06T23:00:00Z,2016-05-17T00:00:00Z
SplashandDash,Services,2016-06-07T19:31:00Z,30,6,Tues,7,159,13,31,2016-06-07T19:45:00Z,2016-05-17T00:00:00Z
SplashandDash,Services,2016-06-07T19:46:00Z,45,6,Tues,7,159,13,46,2016-06-07T20:00:00Z,2016-05-17T00:00:00Z
SplashandDash,Services,2016-06-07T19:48:00Z,27,6,Tues,7,159,13,48,2016-06-07T20:00:00Z,2016-05-17T00:00:00Z
SplashandDash,Services,2016-06-07T16:44:00Z,70,6,Tues,7,159,10,44,2016-06-07T16:45:00Z,2016-05-17T00:00:00Z
SplashandDash,Services,2016-06-07T16:48:00Z,40,6,Tues,7,159,10,48,2016-06-07T17:00:00Z,2016-05-17T00:00:00Z
SplashandDash,Services,2016-06-07T17:14:00Z,20,6,Tues,7,159,11,14,2016-06-07T17:15:00Z,2016-05-17T00:00:00Z
SplashandDash,Services,2016-06-07T17:23:00Z,30,6,Tues,7,159,11,23,2016-06-07T17:30:00Z,2016-05-17T00:00:00Z
SplashandDash,Services,2016-06-07T17:41:00Z,95,6,Tues,7,159,11,41,2016-06-07T17:45:00Z,2016-05-17T00:00:00Z
SplashandDash,Services,2016-06-07T20:04:00Z,20,6,Tues,7,159,14,4,2016-06-07T20:15:00Z,2016-05-17T00:00:00Z
SplashandDash,Services,2016-06-07T21:25:00Z,30,6,Tues,7,159,15,25,2016-06-07T21:30:00Z,2016-05-17T00:00:00Z
SplashandDash,Services,2016-06-07T21:55:00Z,10,6,Tues,7,159,15,55,2016-06-07T22:00:00Z,2016-05-17T00:00:00Z
SplashandDash,Services,2016-06-08T19:12:00Z,10,6,Wed,8,160,13,12,2016-06-08T19:15:00Z,2016-05-17T00:00:00Z
SplashandDash,Services,2016-06-08T19:31:00Z,-21.23,6,Wed,8,160,13,31,2016-06-08T19:45:00Z,2016-05-17T00:00:00Z
SplashandDash,Services,2016-06-08T19:31:00Z,20,6,Wed,8,160,13,31,2016-06-08T19:45:00Z,2016-05-17T00:00:00Z
SplashandDash,Services,2016-06-08T19:32:00Z,-23.6,6,Wed,8,160,13,32,2016-06-08T19:45:00Z,2016-05-17T00:00:00Z
SplashandDash,Services,2016-06-08T19:54:00Z,20,6,Wed,8,160,13,54,2016-06-08T20:00:00Z,2016-05-17T00:00:00Z
SplashandDash,Services,2016-06-08T17:07:00Z,3,6,Wed,8,160,11,7,2016-06-08T17:15:00Z,2016-05-17T00:00:00Z
SplashandDash,Services,2016-06-08T18:24:00Z,10,6,Wed,8,160,12,24,2016-06-08T18:30:00Z,2016-05-17T00:00:00Z
SplashandDash,Services,2016-06-08T22:46:00Z,70,6,Wed,8,160,16,46,2016-06-08T23:00:00Z,2016-05-17T00:00:00Z
SplashandDash,Services,2016-06-09T19:59:00Z,20,6,Thurs,9,161,13,59,2016-06-09T20:00:00Z,2016-05-17T00:00:00Z
SplashandDash,Services,2016-06-09T17:00:00Z,-7.53,6,Thurs,9,161,11,0,2016-06-09T17:00:00Z,2016-05-17T00:00:00Z
SplashandDash,Services,2016-06-09T17:07:00Z,50,6,Thurs,9,161,11,7,2016-06-09T17:15:00Z,2016-05-17T00:00:00Z
SplashandDash,Services,2016-06-09T17:16:00Z,50,6,Thurs,9,161,11,16,2016-06-09T17:30:00Z,2016-05-17T00:00:00Z
SplashandDash,Services,2016-06-09T18:10:00Z,20,6,Thurs,9,161,12,10,2016-06-09T18:15:00Z,2016-05-17T00:00:00Z
SplashandDash,Services,2016-06-09T18:57:00Z,30,6,Thurs,9,161,12,57,2016-06-09T19:00:00Z,2016-05-17T00:00:00Z
SplashandDash,Services,2016-06-09T20:56:00Z,30,6,Thurs,9,161,14,56,2016-06-09T21:00:00Z,2016-05-17T00:00:00Z
SplashandDash,Services,2016-06-09T21:00:00Z,30,6,Thurs,9,161,15,0,2016-06-09T21:00:00Z,2016-05-17T00:00:00Z
SplashandDash,Services,2016-06-09T21:11:00Z,15,6,Thurs,9,161,15,11,2016-06-09T21:15:00Z,2016-05-17T00:00:00Z
SplashandDash,Services,2016-07-01T19:02:00Z,37.5,7,Fri,1,183,13,2,2016-07-01T19:15:00Z,2016-05-17T00:00:00Z
SplashandDash,Services,2016-07-01T19:04:00Z,20,7,Fri,1,183,13,4,2016-07-01T19:15:00Z,2016-05-17T00:00:00Z
SplashandDash,Services,2016-07-01T19:06:00Z,20,7,Fri,1,183,13,6,2016-07-01T19:15:00Z,2016-05-17T00:00:00Z
SplashandDash,Services,2016-07-01T19:13:00Z,27,7,Fri,1,183,13,13,2016-07-01T19:15:00Z,2016-05-17T00:00:00Z
SplashandDash,Services,2016-07-01T19:15:00Z,18,7,Fri,1,183,13,15,2016-07-01T19:15:00Z,2016-05-17T00:00:00Z
SplashandDash,Services,2016-07-01T19:18:00Z,21,7,Fri,1,183,13,18,2016-07-01T19:30:00Z,2016-05-17T00:00:00Z
SplashandDash,Services,2016-07-01T19:35:00Z,37.5,7,Fri,1,183,13,35,2016-07-01T19:45:00Z,2016-05-17T00:00:00Z
SplashandDash,Services,2016-07-01T19:40:00Z,13,7,Fri,1,183,13,40,2016-07-01T19:45:00Z,2016-05-17T00:00:00Z
SplashandDash,Services,2016-07-01T19:50:00Z,108,7,Fri,1,183,13,50,2016-07-01T20:00:00Z,2016-05-17T00:00:00Z
SplashandDash,Services,2016-07-01T19:51:00Z,16,7,Fri,1,183,13,51,2016-07-01T20:00:00Z,2016-05-17T00:00:00Z
SplashandDash,Services,2016-07-01T19:52:00Z,5,7,Fri,1,183,13,52,2016-07-01T20:00:00Z,2016-05-17T00:00:00Z
SplashandDash,Services,2016-07-01T19:59:00Z,56,7,Fri,1,183,13,59,2016-07-01T20:00:00Z,2016-05-17T00:00:00Z
SplashandDash,Services,2016-07-01T17:25:00Z,50,7,Fri,1,183,11,25,2016-07-01T17:30:00Z,2016-05-17T00:00:00Z
SplashandDash,Services,2016-07-01T17:25:00Z,70,7,Fri,1,183,11,25,2016-07-01T17:30:00Z,2016-05-17T00:00:00Z
SplashandDash,Services,2016-07-01T17:32:00Z,19.5,7,Fri,1,183,11,32,2016-07-01T17:45:00Z,2016-05-17T00:00:00Z
SplashandDash,Services,2016-07-01T17:43:00Z,100,7,Fri,1,183,11,43,2016-07-01T17:45:00Z,2016-05-17T00:00:00Z
SplashandDash,Services,2016-07-01T17:43:00Z,20,7,Fri,1,183,11,43,2016-07-01T17:45:00Z,2016-05-17T00:00:00Z
SplashandDash,Services,2016-07-01T17:54:00Z,27,7,Fri,1,183,11,54,2016-07-01T18:00:00Z,2016-05-17T00:00:00Z
SplashandDash,Services,2016-07-01T17:58:00Z,16,7,Fri,1,183,11,58,2016-07-01T18:00:00Z,2016-05-17T00:00:00Z
SplashandDash,Services,2016-07-01T18:07:00Z,20,7,Fri,1,183,12,7,2016-07-01T18:15:00Z,2016-05-17T00:00:00Z
SplashandDash,Services,2016-07-01T18:30:00Z,15,7,Fri,1,183,12,30,2016-07-01T18:30:00Z,2016-05-17T00:00:00Z
SplashandDash,Services,2016-07-01T18:32:00Z,27,7,Fri,1,183,12,32,2016-07-01T18:45:00Z,2016-05-17T00:00:00Z
SplashandDash,Services,2016-07-01T18:49:00Z,30,7,Fri,1,183,12,49,2016-07-01T19:00:00Z,2016-05-17T00:00:00Z
SplashandDash,Services,2016-07-01T20:16:00Z,20,7,Fri,1,183,14,16,2016-07-01T20:30:00Z,2016-05-17T00:00:00Z
SplashandDash,Services,2016-07-01T20:26:00Z,5,7,Fri,1,183,14,26,2016-07-01T20:30:00Z,2016-05-17T00:00:00Z
SplashandDash,Services,2016-07-01T21:34:00Z,20,7,Fri,1,183,15,34,2016-07-01T21:45:00Z,2016-05-17T00:00:00Z
SplashandDash,Services,2016-07-01T21:41:00Z,25,7,Fri,1,183,15,41,2016-07-01T21:45:00Z,2016-05-17T00:00:00Z
SplashandDash,Services,2016-07-01T22:15:00Z,40,7,Fri,1,183,16,15,2016-07-01T22:15:00Z,2016-05-17T00:00:00Z
SplashandDash,Services,2016-07-01T22:24:00Z,-1.13,7,Fri,1,183,16,24,2016-07-01T22:30:00Z,2016-05-17T00:00:00Z
SplashandDash,Services,2016-07-11T19:02:00Z,70,7,Mon,11,193,13,2,2016-07-11T19:15:00Z,2016-05-17T00:00:00Z
SplashandDash,Services,2016-07-11T17:13:00Z,45,7,Mon,11,193,11,13,2016-07-11T17:15:00Z,2016-05-17T00:00:00Z
SplashandDash,Services,2016-07-11T17:17:00Z,50,7,Mon,11,193,11,17,2016-07-11T17:30:00Z,2016-05-17T00:00:00Z
SplashandDash,Services,2016-07-11T17:50:00Z,90,7,Mon,11,193,11,50,2016-07-11T18:00:00Z,2016-05-17T00:00:00Z
SplashandDash,Services,2016-07-11T20:11:00Z,10,7,Mon,11,193,14,11,2016-07-11T20:15:00Z,2016-05-17T00:00:00Z
SplashandDash,Services,2016-07-11T20:45:00Z,90,7,Mon,11,193,14,45,2016-07-11T20:45:00Z,2016-05-17T00:00:00Z
SplashandDash,Services,2016-07-11T22:06:00Z,15,7,Mon,11,193,16,6,2016-07-11T22:15:00Z,2016-05-17T00:00:00Z
SplashandDash,Services,2016-07-11T14:33:00Z,-14.72,7,Mon,11,193,8,33,2016-07-11T14:45:00Z,2016-05-17T00:00:00Z
SplashandDash,Services,2016-07-12T19:35:00Z,27,7,Tues,12,194,13,35,2016-07-12T19:45:00Z,2016-05-17T00:00:00Z
SplashandDash,Services,2016-07-12T17:16:00Z,20,7,Tues,12,194,11,16,2016-07-12T17:30:00Z,2016-05-17T00:00:00Z
SplashandDash,Services,2016-07-12T17:54:00Z,24,7,Tues,12,194,11,54,2016-07-12T18:00:00Z,2016-05-17T00:00:00Z
SplashandDash,Services,2016-07-12T18:14:00Z,20,7,Tues,12,194,12,14,2016-07-12T18:15:00Z,2016-05-17T00:00:00Z
SplashandDash,Services,2016-07-12T18:18:00Z,18,7,Tues,12,194,12,18,2016-07-12T18:30:00Z,2016-05-17T00:00:00Z
SplashandDash,Services,2016-07-12T18:53:00Z,27,7,Tues,12,194,12,53,2016-07-12T19:00:00Z,2016-05-17T00:00:00Z
SplashandDash,Services,2016-07-12T18:59:00Z,18,7,Tues,12,194,12,59,2016-07-12T19:00:00Z,2016-05-17T00:00:00Z
SplashandDash,Services,2016-07-13T19:18:00Z,16,7,Wed,13,195,13,18,2016-07-13T19:30:00Z,2016-05-17T00:00:00Z
SplashandDash,Services,2016-07-13T19:24:00Z,20,7,Wed,13,195,13,24,2016-07-13T19:30:00Z,2016-05-17T00:00:00Z
SplashandDash,Services,2016-07-13T19:25:00Z,4,7,Wed,13,195,13,25,2016-07-13T19:30:00Z,2016-05-17T00:00:00Z
SplashandDash,Services,2016-07-13T19:32:00Z,30,7,Wed,13,195,13,32,2016-07-13T19:45:00Z,2016-05-17T00:00:00Z
SplashandDash,Services,2016-07-13T19:42:00Z,16,7,Wed,13,195,13,42,2016-07-13T19:45:00Z,2016-05-17T00:00:00Z
SplashandDash,Services,2016-07-13T17:12:00Z,15,7,Wed,13,195,11,12,2016-07-13T17:15:00Z,2016-05-17T00:00:00Z
SplashandDash,Services,2016-07-13T17:20:00Z,20,7,Wed,13,195,11,20,2016-07-13T17:30:00Z,2016-05-17T00:00:00Z
SplashandDash,Services,2016-07-13T17:38:00Z,16,7,Wed,13,195,11,38,2016-07-13T17:45:00Z,2016-05-17T00:00:00Z
SplashandDash,Services,2016-07-13T18:06:00Z,40,7,Wed,13,195,12,6,2016-07-13T18:15:00Z,2016-05-17T00:00:00Z
SplashandDash,Services,2016-07-13T18:08:00Z,27,7,Wed,13,195,12,8,2016-07-13T18:15:00Z,2016-05-17T00:00:00Z
SplashandDash,Services,2016-07-13T18:21:00Z,24,7,Wed,13,195,12,21,2016-07-13T18:30:00Z,2016-05-17T00:00:00Z
SplashandDash,Services,2016-07-13T18:26:00Z,50,7,Wed,13,195,12,26,2016-07-13T18:30:00Z,2016-05-17T00:00:00Z
SplashandDash,Services,2016-07-13T18:43:00Z,10,7,Wed,13,195,12,43,2016-07-13T18:45:00Z,2016-05-17T00:00:00Z
SplashandDash,Services,2016-07-13T22:08:00Z,80,7,Wed,13,195,16,8,2016-07-13T22:15:00Z,2016-05-17T00:00:00Z
SplashandDash,Services,2016-07-14T19:21:00Z,30,7,Thurs,14,196,13,21,2016-07-14T19:30:00Z,2016-05-17T00:00:00Z
SplashandDash,Services,2016-07-14T17:19:00Z,30,7,Thurs,14,196,11,19,2016-07-14T17:30:00Z,2016-05-17T00:00:00Z
SplashandDash,Services,2016-07-14T17:31:00Z,20,7,Thurs,14,196,11,31,2016-07-14T17:45:00Z,2016-05-17T00:00:00Z
SplashandDash,Services,2016-07-14T18:17:00Z,30,7,Thurs,14,196,12,17,2016-07-14T18:30:00Z,2016-05-17T00:00:00Z
SplashandDash,Services,2016-07-14T18:48:00Z,20,7,Thurs,14,196,12,48,2016-07-14T19:00:00Z,2016-05-17T00:00:00Z
SplashandDash,Services,2016-07-14T20:04:00Z,50,7,Thurs,14,196,14,4,2016-07-14T20:15:00Z,2016-05-17T00:00:00Z
SplashandDash,Services,2016-07-14T22:28:00Z,10,7,Thurs,14,196,16,28,2016-07-14T22:30:00Z,2016-05-17T00:00:00Z
SplashandDash,Services,2016-07-14T22:29:00Z,35,7,Thurs,14,196,16,29,2016-07-14T22:30:00Z,2016-05-17T00:00:00Z
SplashandDash,Services,2016-07-14T22:50:00Z,10,7,Thurs,14,196,16,50,2016-07-14T23:00:00Z,2016-05-17T00:00:00Z
SplashandDash,Services,2016-07-14T22:50:00Z,10,7,Thurs,14,196,16,50,2016-07-14T23:00:00Z,2016-05-17T00:00:00Z
SplashandDash,Services,2016-07-15T19:46:00Z,50,7,Fri,15,197,13,46,2016-07-15T20:00:00Z,2016-05-17T00:00:00Z
SplashandDash,Services,2016-07-15T19:49:00Z,20,7,Fri,15,197,13,49,2016-07-15T20:00:00Z,2016-05-17T00:00:00Z
SplashandDash,Services,2016-07-15T16:57:00Z,30,7,Fri,15,197,10,57,2016-07-15T17:00:00Z,2016-05-17T00:00:00Z
SplashandDash,Services,2016-07-15T17:50:00Z,30,7,Fri,15,197,11,50,2016-07-15T18:00:00Z,2016-05-17T00:00:00Z
SplashandDash,Services,2016-07-15T18:00:00Z,20,7,Fri,15,197,12,0,2016-07-15T18:00:00Z,2016-05-17T00:00:00Z
SplashandDash,Services,2016-07-15T18:01:00Z,35,7,Fri,15,197,12,1,2016-07-15T18:15:00Z,2016-05-17T00:00:00Z
SplashandDash,Services,2016-07-15T18:41:00Z,15,7,Fri,15,197,12,41,2016-07-15T18:45:00Z,2016-05-17T00:00:00Z
SplashandDash,Services,2016-07-15T20:03:00Z,30,7,Fri,15,197,14,3,2016-07-15T20:15:00Z,2016-05-17T00:00:00Z
SplashandDash,Services,2016-07-15T20:06:00Z,40,7,Fri,15,197,14,6,2016-07-15T20:15:00Z,2016-05-17T00:00:00Z
SplashandDash,Services,2016-07-15T21:13:00Z,50,7,Fri,15,197,15,13,2016-07-15T21:15:00Z,2016-05-17T00:00:00Z
SplashandDash,Services,2016-07-15T22:09:00Z,35,7,Fri,15,197,16,9,2016-07-15T22:15:00Z,2016-05-17T00:00:00Z
SplashandDash,Services,2016-07-15T22:50:00Z,-55.7,7,Fri,15,197,16,50,2016-07-15T23:00:00Z,2016-05-17T00:00:00Z
SplashandDash,Services,2016-07-18T16:58:00Z,-61.25,7,Mon,18,200,10,58,2016-07-18T17:00:00Z,2016-05-17T00:00:00Z
SplashandDash,Services,2016-07-05T19:37:00Z,30,7,Tues,5,187,13,37,2016-07-05T19:45:00Z,2016-05-17T00:00:00Z
SplashandDash,Services,2016-07-05T19:40:00Z,10,7,Tues,5,187,13,40,2016-07-05T19:45:00Z,2016-05-17T00:00:00Z
SplashandDash,Services,2016-07-05T19:53:00Z,12,7,Tues,5,187,13,53,2016-07-05T20:00:00Z,2016-05-17T00:00:00Z
SplashandDash,Services,2016-07-05T17:16:00Z,30,7,Tues,5,187,11,16,2016-07-05T17:30:00Z,2016-05-17T00:00:00Z
SplashandDash,Services,2016-07-05T17:41:00Z,26,7,Tues,5,187,11,41,2016-07-05T17:45:00Z,2016-05-17T00:00:00Z
SplashandDash,Services,2016-07-05T20:44:00Z,20,7,Tues,5,187,14,44,2016-07-05T20:45:00Z,2016-05-17T00:00:00Z
SplashandDash,Services,2016-07-05T20:46:00Z,30,7,Tues,5,187,14,46,2016-07-05T21:00:00Z,2016-05-17T00:00:00Z
SplashandDash,Services,2016-07-06T19:11:00Z,16,7,Wed,6,188,13,11,2016-07-06T19:15:00Z,2016-05-17T00:00:00Z
SplashandDash,Services,2016-07-06T19:17:00Z,43,7,Wed,6,188,13,17,2016-07-06T19:30:00Z,2016-05-17T00:00:00Z
SplashandDash,Services,2016-07-06T17:18:00Z,100,7,Wed,6,188,11,18,2016-07-06T17:30:00Z,2016-05-17T00:00:00Z
SplashandDash,Services,2016-07-06T17:33:00Z,40,7,Wed,6,188,11,33,2016-07-06T17:45:00Z,2016-05-17T00:00:00Z
SplashandDash,Services,2016-07-06T17:53:00Z,25,7,Wed,6,188,11,53,2016-07-06T18:00:00Z,2016-05-17T00:00:00Z
SplashandDash,Services,2016-07-06T17:53:00Z,55,7,Wed,6,188,11,53,2016-07-06T18:00:00Z,2016-05-17T00:00:00Z
SplashandDash,Services,2016-07-06T18:08:00Z,45,7,Wed,6,188,12,8,2016-07-06T18:15:00Z,2016-05-17T00:00:00Z
SplashandDash,Services,2016-07-06T18:18:00Z,50,7,Wed,6,188,12,18,2016-07-06T18:30:00Z,2016-05-17T00:00:00Z
SplashandDash,Services,2016-07-06T18:21:00Z,20,7,Wed,6,188,12,21,2016-07-06T18:30:00Z,2016-05-17T00:00:00Z
SplashandDash,Services,2016-07-06T18:31:00Z,24,7,Wed,6,188,12,31,2016-07-06T18:45:00Z,2016-05-17T00:00:00Z
SplashandDash,Services,2016-07-06T18:46:00Z,25,7,Wed,6,188,12,46,2016-07-06T19:00:00Z,2016-05-17T00:00:00Z
SplashandDash,Services,2016-07-06T18:46:00Z,20,7,Wed,6,188,12,46,2016-07-06T19:00:00Z,2016-05-17T00:00:00Z
SplashandDash,Services,2016-07-06T20:11:00Z,75,7,Wed,6,188,14,11,2016-07-06T20:15:00Z,2016-05-17T00:00:00Z
SplashandDash,Services,2016-07-06T20:39:00Z,-39.91,7,Wed,6,188,14,39,2016-07-06T20:45:00Z,2016-05-17T00:00:00Z
SplashandDash,Services,2016-07-06T20:58:00Z,-2.15,7,Wed,6,188,14,58,2016-07-06T21:00:00Z,2016-05-17T00:00:00Z
SplashandDash,Services,2016-07-06T21:43:00Z,25,7,Wed,6,188,15,43,2016-07-06T21:45:00Z,2016-05-17T00:00:00Z
SplashandDash,Services,2016-07-06T22:26:00Z,30,7,Wed,6,188,16,26,2016-07-06T22:30:00Z,2016-05-17T00:00:00Z
SplashandDash,Services,2016-07-07T19:28:00Z,40,7,Thurs,7,189,13,28,2016-07-07T19:30:00Z,2016-05-17T00:00:00Z
SplashandDash,Services,2016-07-07T19:28:00Z,50,7,Thurs,7,189,13,28,2016-07-07T19:30:00Z,2016-05-17T00:00:00Z
SplashandDash,Services,2016-07-07T19:39:00Z,18,7,Thurs,7,189,13,39,2016-07-07T19:45:00Z,2016-05-17T00:00:00Z
SplashandDash,Services,2016-07-07T19:57:00Z,72,7,Thurs,7,189,13,57,2016-07-07T20:00:00Z,2016-05-17T00:00:00Z
SplashandDash,Services,2016-07-07T17:13:00Z,10,7,Thurs,7,189,11,13,2016-07-07T17:15:00Z,2016-05-17T00:00:00Z
SplashandDash,Services,2016-07-07T17:28:00Z,24,7,Thurs,7,189,11,28,2016-07-07T17:30:00Z,2016-05-17T00:00:00Z
SplashandDash,Services,2016-07-07T17:34:00Z,20,7,Thurs,7,189,11,34,2016-07-07T17:45:00Z,2016-05-17T00:00:00Z
SplashandDash,Services,2016-07-07T17:35:00Z,100,7,Thurs,7,189,11,35,2016-07-07T17:45:00Z,2016-05-17T00:00:00Z
SplashandDash,Services,2016-07-07T17:39:00Z,30,7,Thurs,7,189,11,39,2016-07-07T17:45:00Z,2016-05-17T00:00:00Z
SplashandDash,Services,2016-07-07T17:47:00Z,25,7,Thurs,7,189,11,47,2016-07-07T18:00:00Z,2016-05-17T00:00:00Z
SplashandDash,Services,2016-07-07T18:24:00Z,40,7,Thurs,7,189,12,24,2016-07-07T18:30:00Z,2016-05-17T00:00:00Z
SplashandDash,Services,2016-07-07T18:35:00Z,30,7,Thurs,7,189,12,35,2016-07-07T18:45:00Z,2016-05-17T00:00:00Z
SplashandDash,Services,2016-07-07T18:41:00Z,22.5,7,Thurs,7,189,12,41,2016-07-07T18:45:00Z,2016-05-17T00:00:00Z
SplashandDash,Services,2016-07-07T18:53:00Z,52.5,7,Thurs,7,189,12,53,2016-07-07T19:00:00Z,2016-05-17T00:00:00Z
SplashandDash,Services,2016-07-07T20:06:00Z,50,7,Thurs,7,189,14,6,2016-07-07T20:15:00Z,2016-05-17T00:00:00Z
SplashandDash,Services,2016-07-07T20:57:00Z,30,7,Thurs,7,189,14,57,2016-07-07T21:00:00Z,2016-05-17T00:00:00Z
SplashandDash,Services,2016-07-07T21:34:00Z,20,7,Thurs,7,189,15,34,2016-07-07T21:45:00Z,2016-05-17T00:00:00Z
SplashandDash,Services,2016-07-07T22:43:00Z,20,7,Thurs,7,189,16,43,2016-07-07T22:45:00Z,2016-05-17T00:00:00Z
SplashandDash,Services,2016-07-08T19:43:00Z,20,7,Fri,8,190,13,43,2016-07-08T19:45:00Z,2016-05-17T00:00:00Z
SplashandDash,Services,2016-07-08T17:07:00Z,30,7,Fri,8,190,11,7,2016-07-08T17:15:00Z,2016-05-17T00:00:00Z
SplashandDash,Services,2016-07-08T17:59:00Z,20,7,Fri,8,190,11,59,2016-07-08T18:00:00Z,2016-05-17T00:00:00Z
SplashandDash,Services,2016-07-08T18:36:00Z,50,7,Fri,8,190,12,36,2016-07-08T18:45:00Z,2016-05-17T00:00:00Z
SplashandDash,Services,2016-07-08T18:50:00Z,30,7,Fri,8,190,12,50,2016-07-08T19:00:00Z,2016-05-17T00:00:00Z
SplashandDash,Services,2016-07-08T21:29:00Z,-33.57,7,Fri,8,190,15,29,2016-07-08T21:30:00Z,2016-05-17T00:00:00Z
SplashandDash,Services,2016-07-08T22:42:00Z,10,7,Fri,8,190,16,42,2016-07-08T22:45:00Z,2016-05-17T00:00:00Z
SplashandDash,Services,2016-07-08T22:51:00Z,15,7,Fri,8,190,16,51,2016-07-08T23:00:00Z,2016-05-17T00:00:00Z
SplashandDash,Services,2016-07-08T23:08:00Z,5,7,Fri,8,190,17,8,2016-07-08T23:15:00Z,2016-05-17T00:00:00Z
